analyst,position,player,avg_deviation,consistency,weeks_ranked
Adam Rank,DST,BAL DST,0.411,2.576,18
Adam Rank,DST,BUF DST,-0.6,3.814,18
Adam Rank,DST,CLE DST,-1.189,2.63,18
Adam Rank,DST,DAL DST,1.0,3.087,18
Adam Rank,DST,KC DST,-0.139,2.555,18
Adam Rank,DST,MIA DST,-0.422,2.56,18
Adam Rank,DST,NE DST,0.311,2.624,18
Adam Rank,DST,PHI DST,1.3,2.893,18
Adam Rank,DST,PIT DST,0.25,2.448,18
Adam Rank,DST,SF DST,-0.922,2.089,18
Adam Rank,QB,Anthony Richardson,0.111,3.957,18
Adam Rank,QB,Brock Purdy,1.289,2.589,18
Adam Rank,QB,Dak Prescott,0.456,3.755,18
Adam Rank,QB,Jalen Hurts,0.133,3.381,18
Adam Rank,QB,Joe Burrow,0.244,2.96,18
Adam Rank,QB,Jordan Love,-0.356,2.986,18
Adam Rank,QB,Josh Allen,1.011,3.181,18
Adam Rank,QB,Justin Herbert,-0.489,3.442,18
Adam Rank,QB,Kyler Murray,-1.344,3.671,18
Adam Rank,QB,Lamar Jackson,-0.156,4.07,18
Adam Rank,QB,Trevor Lawrence,-0.106,3.82,18
Adam Rank,QB,Tua Tagovailoa,-0.794,3.146,18
Adam Rank,RB,Aaron Jones,0.433,5.013,18
Adam Rank,RB,Bijan Robinson,-0.933,3.922,18
Adam Rank,RB,Breece Hall,0.067,3.723,18
Adam Rank,RB,Christian McCaffrey,-1.728,5.63,18
Adam Rank,RB,David Montgomery,-1.328,4.478,18
Adam Rank,RB,De'Von Achane,-0.172,4.938,18
Adam Rank,RB,Derrick Henry,1.267,4.187,18
Adam Rank,RB,James Cook,0.45,3.747,18
Adam Rank,RB,Jonathan Taylor,-0.167,4.317,18
Adam Rank,RB,Josh Jacobs,-0.422,4.852,18
Adam Rank,RB,Kyren Williams,0.85,4.52,18
Adam Rank,RB,Najee Harris,1.617,3.6,18
Adam Rank,RB,Rhamondre Stevenson,-0.5,3.699,18
Adam Rank,RB,Saquon Barkley,0.339,4.009,18
Adam Rank,RB,Tony Pollard,1.6,4.798,18
Adam Rank,RB,Travis Etienne,-1.372,4.509,18
Adam Rank,TE,Brock Bowers,0.472,2.586,18
Adam Rank,TE,Cole Kmet,-0.494,2.951,18
Adam Rank,TE,Dallas Goedert,-1.611,3.503,18
Adam Rank,TE,David Njoku,-0.1,2.73,18
Adam Rank,TE,Foster Moreau,-0.972,3.316,18
Adam Rank,TE,George Kittle,0.061,3.068,18
Adam Rank,TE,Isaiah Likely,1.794,2.763,18
Adam Rank,TE,Jake Ferguson,0.933,3.232,18
Adam Rank,TE,Mark Andrews,-0.044,3.115,18
Adam Rank,TE,Pat Freiermuth,-0.106,2.927,18
Adam Rank,TE,Sam LaPorta,0.311,3.473,18
Adam Rank,TE,Travis Kelce,-0.244,3.511,18
Adam Rank,WR,Amon-Ra St. Brown,-2.017,4.544,18
Adam Rank,WR,CeeDee Lamb,0.483,4.067,18
Adam Rank,WR,Chris Olave,0.706,4.509,18
Adam Rank,WR,DK Metcalf,-0.356,4.136,18
Adam Rank,WR,Davante Adams,-0.739,4.503,18
Adam Rank,WR,DeVonta Smith,-0.217,4.674,18
Adam Rank,WR,Drake London,-0.383,4.186,18
Adam Rank,WR,Garrett Wilson,0.922,4.741,18
Adam Rank,WR,Ja'Marr Chase,0.922,3.756,18
Adam Rank,WR,Justin Jefferson,-0.572,4.158,18
Adam Rank,WR,Keenan Allen,0.039,4.082,18
Adam Rank,WR,Michael Pittman,1.383,4.488,18
Adam Rank,WR,Puka Nacua,0.761,4.481,18
Adam Rank,WR,Stefon Diggs,-2.033,3.619,18
Adam Rank,WR,Tee Higgins,0.644,4.777,18
Adam Rank,WR,Tyreek Hill,0.456,4.78,18
Andy Behrens,DST,BAL DST,-0.478,2.938,18
Andy Behrens,DST,BUF DST,1.067,2.048,18
Andy Behrens,DST,CLE DST,0.033,2.849,18
Andy Behrens,DST,DAL DST,-1.556,2.859,18
Andy Behrens,DST,KC DST,1.417,2.262,18
Andy Behrens,DST,MIA DST,-0.256,3.053,18
Andy Behrens,DST,NE DST,-0.411,2.587,18
Andy Behrens,DST,PHI DST,-0.144,3.259,18
Andy Behrens,DST,PIT DST,0.528,2.21,18
Andy Behrens,DST,SF DST,-0.2,2.851,18
Andy Behrens,QB,Anthony Richardson,-0.278,3.417,18
Andy Behrens,QB,Brock Purdy,1.233,2.538,18
Andy Behrens,QB,Dak Prescott,-0.711,2.988,18
Andy Behrens,QB,Jalen Hurts,0.578,3.11,18
Andy Behrens,QB,Joe Burrow,-0.311,3.529,18
Andy Behrens,QB,Jordan Love,-0.3,2.404,18
Andy Behrens,QB,Josh Allen,-0.989,3.373,18
Andy Behrens,QB,Justin Herbert,-0.156,3.285,18
Andy Behrens,QB,Kyler Murray,-0.622,3.256,18
Andy Behrens,QB,Lamar Jackson,1.178,3.453,18
Andy Behrens,QB,Trevor Lawrence,-0.05,3.596,18
Andy Behrens,QB,Tua Tagovailoa,0.428,3.344,18
Andy Behrens,RB,Aaron Jones,-0.789,3.511,18
Andy Behrens,RB,Bijan Robinson,1.122,4.35,18
Andy Behrens,RB,Breece Hall,-0.1,4.224,18
Andy Behrens,RB,Christian McCaffrey,-0.006,4.521,18
Andy Behrens,RB,David Montgomery,0.172,5.045,18
Andy Behrens,RB,De'Von Achane,-1.283,4.631,18
Andy Behrens,RB,Derrick Henry,0.767,3.819,18
Andy Behrens,RB,James Cook,-0.05,4.498,18
Andy Behrens,RB,Jonathan Taylor,0.611,5.039,18
Andy Behrens,RB,Josh Jacobs,-1.422,5.046,18
Andy Behrens,RB,Kyren Williams,-0.428,4.928,18
Andy Behrens,RB,Najee Harris,-0.883,4.362,18
Andy Behrens,RB,Rhamondre Stevenson,1.056,4.405,18
Andy Behrens,RB,Saquon Barkley,2.117,4.786,18
Andy Behrens,RB,Tony Pollard,-1.956,4.448,18
Andy Behrens,RB,Travis Etienne,1.072,4.088,18
Andy Behrens,TE,Brock Bowers,-1.583,2.996,18
Andy Behrens,TE,Cole Kmet,-0.217,3.343,18
Andy Behrens,TE,Dallas Goedert,-0.222,3.106,18
Andy Behrens,TE,David Njoku,-0.211,3.696,18
Andy Behrens,TE,Foster Moreau,1.139,3.683,18
Andy Behrens,TE,George Kittle,-1.439,3.245,18
Andy Behrens,TE,Isaiah Likely,-0.317,3.642,18
Andy Behrens,TE,Jake Ferguson,0.656,2.497,18
Andy Behrens,TE,Mark Andrews,-0.211,2.809,18
Andy Behrens,TE,Pat Freiermuth,0.894,2.983,18
Andy Behrens,TE,Sam LaPorta,1.644,3.071,18
Andy Behrens,TE,Travis Kelce,-0.133,3.071,18
Andy Behrens,WR,Amon-Ra St. Brown,2.483,4.782,18
Andy Behrens,WR,CeeDee Lamb,0.15,3.486,18
Andy Behrens,WR,Chris Olave,2.483,3.963,18
Andy Behrens,WR,DK Metcalf,-0.911,4.157,18
Andy Behrens,WR,Davante Adams,-0.572,3.849,18
Andy Behrens,WR,DeVonta Smith,2.228,3.691,18
Andy Behrens,WR,Drake London,-1.772,3.239,18
Andy Behrens,WR,Garrett Wilson,0.533,4.326,18
Andy Behrens,WR,Ja'Marr Chase,0.311,3.845,18
Andy Behrens,WR,Justin Jefferson,-2.017,4.415,18
Andy Behrens,WR,Keenan Allen,0.761,5.439,18
Andy Behrens,WR,Michael Pittman,-1.117,4.782,18
Andy Behrens,WR,Puka Nacua,-0.85,4.092,18
Andy Behrens,WR,Stefon Diggs,-0.533,4.016,18
Andy Behrens,WR,Tee Higgins,-0.689,4.354,18
Andy Behrens,WR,Tyreek Hill,-0.489,4.414,18
Dave Richard,DST,BAL DST,1.078,2.444,18
Dave Richard,DST,BUF DST,-1.211,2.539,18
Dave Richard,DST,CLE DST,0.478,2.667,18
Dave Richard,DST,DAL DST,-0.556,2.026,18
Dave Richard,DST,KC DST,0.806,2.679,18
Dave Richard,DST,MIA DST,0.967,2.843,18
Dave Richard,DST,NE DST,-0.3,3.167,18
Dave Richard,DST,PHI DST,-0.2,3.077,18
Dave Richard,DST,PIT DST,-1.083,2.734,18
Dave Richard,DST,SF DST,0.022,2.498,18
Dave Richard,QB,Anthony Richardson,-0.722,2.252,18
Dave Richard,QB,Brock Purdy,0.344,3.702,18
Dave Richard,QB,Dak Prescott,0.4,2.707,18
Dave Richard,QB,Jalen Hurts,-0.033,4.236,18
Dave Richard,QB,Joe Burrow,0.244,3.322,18
Dave Richard,QB,Jordan Love,-0.189,3.336,18
Dave Richard,QB,Josh Allen,-1.989,3.743,18
Dave Richard,QB,Justin Herbert,0.011,2.738,18
Dave Richard,QB,Kyler Murray,0.6,2.598,18
Dave Richard,QB,Lamar Jackson,0.622,3.388,18
Dave Richard,QB,Trevor Lawrence,0.672,3.299,18
Dave Richard,QB,Tua Tagovailoa,0.039,3.179,18
Dave Richard,RB,Aaron Jones,0.767,4.558,18
Dave Richard,RB,Bijan Robinson,-0.378,3.518,18
Dave Richard,RB,Breece Hall,1.122,4.31,18
Dave Richard,RB,Christian McCaffrey,0.606,4.347,18
Dave Richard,RB,David Montgomery,1.783,3.758,18
Dave Richard,RB,De'Von Achane,0.439,4.356,18
Dave Richard,RB,Derrick Henry,0.156,3.508,18
Dave Richard,RB,James Cook,-1.217,5.176,18
Dave Richard,RB,Jonathan Taylor,-1.278,4.253,18
Dave Richard,RB,Josh Jacobs,1.3,4.509,18
Dave Richard,RB,Kyren Williams,1.461,4.114,18
Dave Richard,RB,Najee Harris,-0.661,5.152,18
Dave Richard,RB,Rhamondre Stevenson,0.389,3.815,18
Dave Richard,RB,Saquon Barkley,-1.106,4.466,18
Dave Richard,RB,Tony Pollard,-2.4,3.647,18
Dave Richard,RB,Travis Etienne,-0.983,4.315,18
Dave Richard,TE,Brock Bowers,0.25,3.536,18
Dave Richard,TE,Cole Kmet,0.506,2.951,18
Dave Richard,TE,Dallas Goedert,0.5,3.852,18
Dave Richard,TE,David Njoku,0.233,2.806,18
Dave Richard,TE,Foster Moreau,-0.306,3.373,18
Dave Richard,TE,George Kittle,-1.383,2.608,18
Dave Richard,TE,Isaiah Likely,0.294,2.898,18
Dave Richard,TE,Jake Ferguson,1.6,2.799,18
Dave Richard,TE,Mark Andrews,-0.211,3.46,18
Dave Richard,TE,Pat Freiermuth,-0.05,3.715,18
Dave Richard,TE,Sam LaPorta,-0.467,3.517,18
Dave Richard,TE,Travis Kelce,-0.967,3.776,18
Dave Richard,WR,Amon-Ra St. Brown,1.983,4.646,18
Dave Richard,WR,CeeDee Lamb,-0.072,5.292,18
Dave Richard,WR,Chris Olave,-1.517,3.474,18
Dave Richard,WR,DK Metcalf,0.367,3.448,18
Dave Richard,WR,Davante Adams,-0.461,4.625,18
Dave Richard,WR,DeVonta Smith,-1.939,4.081,18
Dave Richard,WR,Drake London,-0.883,3.548,18
Dave Richard,WR,Garrett Wilson,-0.856,4.551,18
Dave Richard,WR,Ja'Marr Chase,0.867,4.516,18
Dave Richard,WR,Justin Jefferson,1.039,5.284,18
Dave Richard,WR,Keenan Allen,0.039,3.429,18
Dave Richard,WR,Michael Pittman,-0.617,3.73,18
Dave Richard,WR,Puka Nacua,-0.017,5.71,18
Dave Richard,WR,Stefon Diggs,1.8,4.937,18
Dave Richard,WR,Tee Higgins,1.144,3.974,18
Dave Richard,WR,Tyreek Hill,-0.878,3.752,18
Heath Cummings,DST,BAL DST,-0.589,2.65,18
Heath Cummings,DST,BUF DST,0.233,2.17,18
Heath Cummings,DST,CLE DST,0.644,3.073,18
Heath Cummings,DST,DAL DST,-0.944,3.549,18
Heath Cummings,DST,KC DST,0.583,2.499,18
Heath Cummings,DST,MIA DST,-0.644,2.134,18
Heath Cummings,DST,NE DST,-0.189,3.147,18
Heath Cummings,DST,PHI DST,-0.644,2.601,18
Heath Cummings,DST,PIT DST,0.694,2.797,18
Heath Cummings,DST,SF DST,0.856,2.79,18
Heath Cummings,QB,Anthony Richardson,0.722,2.87,18
Heath Cummings,QB,Brock Purdy,-1.044,3.363,18
Heath Cummings,QB,Dak Prescott,0.344,2.673,18
Heath Cummings,QB,Jalen Hurts,0.411,3.589,18
Heath Cummings,QB,Joe Burrow,0.244,3.591,18
Heath Cummings,QB,Jordan Love,-0.911,3.657,18
Heath Cummings,QB,Josh Allen,-0.322,3.021,18
Heath Cummings,QB,Justin Herbert,-0.322,3.503,18
Heath Cummings,QB,Kyler Murray,-0.456,3.459,18
Heath Cummings,QB,Lamar Jackson,0.678,2.791,18
Heath Cummings,QB,Trevor Lawrence,0.45,3.321,18
Heath Cummings,QB,Tua Tagovailoa,0.206,3.262,18
Heath Cummings,RB,Aaron Jones,-0.011,3.783,18
Heath Cummings,RB,Bijan Robinson,-0.322,4.671,18
Heath Cummings,RB,Breece Hall,-0.044,4.804,18
Heath Cummings,RB,Christian McCaffrey,-2.45,3.311,18
Heath Cummings,RB,David Montgomery,0.117,3.912,18
Heath Cummings,RB,De'Von Achane,-0.728,5.014,18
Heath Cummings,RB,Derrick Henry,-1.344,5.248,18
Heath Cummings,RB,James Cook,1.117,4.555,18
Heath Cummings,RB,Jonathan Taylor,1.667,3.722,18
Heath Cummings,RB,Josh Jacobs,1.022,3.905,18
Heath Cummings,RB,Kyren Williams,-1.65,4.607,18
Heath Cummings,RB,Najee Harris,-1.05,3.931,18
Heath Cummings,RB,Rhamondre Stevenson,0.0,4.735,18
Heath Cummings,RB,Saquon Barkley,1.172,4.861,18
Heath Cummings,RB,Tony Pollard,1.378,2.806,18
Heath Cummings,RB,Travis Etienne,1.128,4.674,18
Heath Cummings,TE,Brock Bowers,0.861,2.934,18
Heath Cummings,TE,Cole Kmet,-1.383,2.539,18
Heath Cummings,TE,Dallas Goedert,0.333,2.6,18
Heath Cummings,TE,David Njoku,-1.211,3.745,18
Heath Cummings,TE,Foster Moreau,-0.472,2.997,18
Heath Cummings,TE,George Kittle,1.117,3.639,18
Heath Cummings,TE,Isaiah Likely,0.85,3.079,18
Heath Cummings,TE,Jake Ferguson,-0.344,3.92,18
Heath Cummings,TE,Mark Andrews,1.011,3.268,18
Heath Cummings,TE,Pat Freiermuth,-0.606,2.664,18
Heath Cummings,TE,Sam LaPorta,-0.133,3.56,18
Heath Cummings,TE,Travis Kelce,-0.022,3.41,18
Heath Cummings,WR,Amon-Ra St. Brown,-0.961,4.473,18
Heath Cummings,WR,CeeDee Lamb,-0.572,3.871,18
Heath Cummings,WR,Chris Olave,-0.072,4.141,18
Heath Cummings,WR,DK Metcalf,0.256,3.769,18
Heath Cummings,WR,Davante Adams,0.206,5.537,18
Heath Cummings,WR,DeVonta Smith,0.45,4.747,18
Heath Cummings,WR,Drake London,-0.161,4.038,18
Heath Cummings,WR,Garrett Wilson,-0.356,5.059,18
Heath Cummings,WR,Ja'Marr Chase,-0.356,4.98,18
Heath Cummings,WR,Justin Jefferson,2.817,3.893,18
Heath Cummings,WR,Keenan Allen,-0.739,4.445,18
Heath Cummings,WR,Michael Pittman,1.217,4.411,18
Heath Cummings,WR,Puka Nacua,2.094,3.254,18
Heath Cummings,WR,Stefon Diggs,-0.756,4.763,18
Heath Cummings,WR,Tee Higgins,-2.022,3.651,18
Heath Cummings,WR,Tyreek Hill,-1.044,4.309,18
Jake Ciely,DST,BAL DST,1.689,3.237,18
Jake Ciely,DST,BUF DST,0.011,2.384,18
Jake Ciely,DST,CLE DST,-1.356,3.26,18
Jake Ciely,DST,DAL DST,0.278,2.139,18
Jake Ciely,DST,KC DST,0.25,2.696,18
Jake Ciely,DST,MIA DST,-1.422,2.701,18
Jake Ciely,DST,NE DST,0.311,2.872,18
Jake Ciely,DST,PHI DST,-0.644,2.61,18
Jake Ciely,DST,PIT DST,0.194,2.405,18
Jake Ciely,DST,SF DST,0.689,3.18,18
Jake Ciely,QB,Anthony Richardson,-0.444,2.977,18
Jake Ciely,QB,Brock Purdy,0.844,3.164,18
Jake Ciely,QB,Dak Prescott,-0.6,4.044,18
Jake Ciely,QB,Jalen Hurts,-0.2,4.065,18
Jake Ciely,QB,Joe Burrow,-1.033,3.52,18
Jake Ciely,QB,Jordan Love,0.2,2.898,18
Jake Ciely,QB,Josh Allen,-0.878,3.364,18
Jake Ciely,QB,Justin Herbert,1.789,2.764,18
Jake Ciely,QB,Kyler Murray,0.322,3.137,18
Jake Ciely,QB,Lamar Jackson,1.067,3.121,18
Jake Ciely,QB,Trevor Lawrence,-0.217,2.806,18
Jake Ciely,QB,Tua Tagovailoa,-0.85,3.288,18
Jake Ciely,RB,Aaron Jones,-1.178,4.004,18
Jake Ciely,RB,Bijan Robinson,-1.156,4.685,18
Jake Ciely,RB,Breece Hall,-0.156,4.587,18
Jake Ciely,RB,Christian McCaffrey,-0.006,4.523,18
Jake Ciely,RB,David Montgomery,0.506,4.996,18
Jake Ciely,RB,De'Von Achane,-0.839,4.565,18
Jake Ciely,RB,Derrick Henry,2.156,3.852,18
Jake Ciely,RB,James Cook,-0.328,3.932,18
Jake Ciely,RB,Jonathan Taylor,1.0,5.428,18
Jake Ciely,RB,Josh Jacobs,1.078,3.787,18
Jake Ciely,RB,Kyren Williams,0.072,4.533,18
Jake Ciely,RB,Najee Harris,0.728,3.489,18
Jake Ciely,RB,Rhamondre Stevenson,0.0,3.928,18
Jake Ciely,RB,Saquon Barkley,-1.828,3.295,18
Jake Ciely,RB,Tony Pollard,0.378,5.108,18
Jake Ciely,RB,Travis Etienne,-0.428,4.562,18
Jake Ciely,TE,Brock Bowers,-0.806,3.672,18
Jake Ciely,TE,Cole Kmet,0.339,3.477,18
Jake Ciely,TE,Dallas Goedert,-1.0,3.665,18
Jake Ciely,TE,David Njoku,-0.322,3.186,18
Jake Ciely,TE,Foster Moreau,0.639,2.884,18
Jake Ciely,TE,George Kittle,1.228,3.115,18
Jake Ciely,TE,Isaiah Likely,-1.594,3.009,18
Jake Ciely,TE,Jake Ferguson,1.1,2.993,18
Jake Ciely,TE,Mark Andrews,0.233,2.555,18
Jake Ciely,TE,Pat Freiermuth,0.617,3.651,18
Jake Ciely,TE,Sam LaPorta,-0.8,3.877,18
Jake Ciely,TE,Travis Kelce,0.367,3.578,18
Jake Ciely,WR,Amon-Ra St. Brown,-0.072,4.826,18
Jake Ciely,WR,CeeDee Lamb,-0.961,4.136,18
Jake Ciely,WR,Chris Olave,-1.183,4.205,18
Jake Ciely,WR,DK Metcalf,-0.411,4.085,18
Jake Ciely,WR,Davante Adams,0.15,3.843,18
Jake Ciely,WR,DeVonta Smith,-0.717,4.207,18
Jake Ciely,WR,Drake London,0.561,4.543,18
Jake Ciely,WR,Garrett Wilson,-0.411,3.879,18
Jake Ciely,WR,Ja'Marr Chase,-0.744,4.47,18
Jake Ciely,WR,Justin Jefferson,-0.461,4.211,18
Jake Ciely,WR,Keenan Allen,-0.35,4.187,18
Jake Ciely,WR,Michael Pittman,0.328,5.057,18
Jake Ciely,WR,Puka Nacua,0.872,4.002,18
Jake Ciely,WR,Stefon Diggs,0.689,3.356,18
Jake Ciely,WR,Tee Higgins,1.033,4.799,18
Jake Ciely,WR,Tyreek Hill,1.678,4.4,18
Jamey Eisenberg,DST,BAL DST,-1.033,2.825,18
Jamey Eisenberg,DST,BUF DST,0.622,3.118,18
Jamey Eisenberg,DST,CLE DST,0.2,2.8,18
Jamey Eisenberg,DST,DAL DST,1.111,2.373,18
Jamey Eisenberg,DST,KC DST,-0.194,3.103,18
Jamey Eisenberg,DST,MIA DST,1.522,1.859,18
Jamey Eisenberg,DST,NE DST,-0.244,2.942,18
Jamey Eisenberg,DST,PHI DST,-0.311,2.326,18
Jamey Eisenberg,DST,PIT DST,-1.306,1.961,18
Jamey Eisenberg,DST,SF DST,-0.367,2.568,18
Jamey Eisenberg,QB,Anthony Richardson,1.222,3.007,18
Jamey Eisenberg,QB,Brock Purdy,0.456,3.409,18
Jamey Eisenberg,QB,Dak Prescott,-0.933,3.239,18
Jamey Eisenberg,QB,Jalen Hurts,0.133,3.251,18
Jamey Eisenberg,QB,Joe Burrow,-1.033,2.984,18
Jamey Eisenberg,QB,Jordan Love,1.756,2.99,18
Jamey Eisenberg,QB,Josh Allen,0.233,3.761,18
Jamey Eisenberg,QB,Justin Herbert,-1.656,2.711,18
Jamey Eisenberg,QB,Kyler Murray,-0.511,3.379,18
Jamey Eisenberg,QB,Lamar Jackson,0.011,3.04,18
Jamey Eisenberg,QB,Trevor Lawrence,-0.161,3.417,18
Jamey Eisenberg,QB,Tua Tagovailoa,0.483,3.675,18
Jamey Eisenberg,RB,Aaron Jones,-1.344,4.086,18
Jamey Eisenberg,RB,Bijan Robinson,-0.656,4.176,18
Jamey Eisenberg,RB,Breece Hall,-0.822,4.34,18
Jamey Eisenberg,RB,Christian McCaffrey,0.55,3.383,18
Jamey Eisenberg,RB,David Montgomery,1.172,4.754,18
Jamey Eisenberg,RB,De'Von Achane,2.606,4.29,18
Jamey Eisenberg,RB,Derrick Henry,-0.233,3.88,18
Jamey Eisenberg,RB,James Cook,1.006,3.457,18
Jamey Eisenberg,RB,Jonathan Taylor,1.167,4.053,18
Jamey Eisenberg,RB,Josh Jacobs,-1.311,4.586,18
Jamey Eisenberg,RB,Kyren Williams,-1.206,3.059,18
Jamey Eisenberg,RB,Najee Harris,1.95,4.811,18
Jamey Eisenberg,RB,Rhamondre Stevenson,-1.167,4.326,18
Jamey Eisenberg,RB,Saquon Barkley,-1.439,4.514,18
Jamey Eisenberg,RB,Tony Pollard,0.1,4.815,18
Jamey Eisenberg,RB,Travis Etienne,-0.372,4.301,18
Jamey Eisenberg,TE,Brock Bowers,0.639,3.791,18
Jamey Eisenberg,TE,Cole Kmet,1.783,2.871,18
Jamey Eisenberg,TE,Dallas Goedert,-0.167,3.049,18
Jamey Eisenberg,TE,David Njoku,-0.1,3.345,18
Jamey Eisenberg,TE,Foster Moreau,0.361,2.761,18
Jamey Eisenberg,TE,George Kittle,0.617,4.036,18
Jamey Eisenberg,TE,Isaiah Likely,-1.372,3.062,18
Jamey Eisenberg,TE,Jake Ferguson,-0.733,3.753,18
Jamey Eisenberg,TE,Mark Andrews,-1.211,2.451,18
Jamey Eisenberg,TE,Pat Freiermuth,-0.383,3.037,18
Jamey Eisenberg,TE,Sam LaPorta,0.978,3.102,18
Jamey Eisenberg,TE,Travis Kelce,-0.411,3.809,18
Jamey Eisenberg,WR,Amon-Ra St. Brown,1.15,4.785,18
Jamey Eisenberg,WR,CeeDee Lamb,-1.239,4.622,18
Jamey Eisenberg,WR,Chris Olave,0.317,3.986,18
Jamey Eisenberg,WR,DK Metcalf,0.756,4.057,18
Jamey Eisenberg,WR,Davante Adams,2.039,3.028,18
Jamey Eisenberg,WR,DeVonta Smith,-0.383,3.385,18
Jamey Eisenberg,WR,Drake London,1.394,4.247,18
Jamey Eisenberg,WR,Garrett Wilson,0.2,4.95,18
Jamey Eisenberg,WR,Ja'Marr Chase,0.2,4.456,18
Jamey Eisenberg,WR,Justin Jefferson,-1.072,4.113,18
Jamey Eisenberg,WR,Keenan Allen,0.761,4.093,18
Jamey Eisenberg,WR,Michael Pittman,-1.394,3.628,18
Jamey Eisenberg,WR,Puka Nacua,-1.683,3.87,18
Jamey Eisenberg,WR,Stefon Diggs,-0.589,4.528,18
Jamey Eisenberg,WR,Tee Higgins,0.311,5.336,18
Jamey Eisenberg,WR,Tyreek Hill,-0.767,5.05,18
Justin Boone,DST,BAL DST,-0.033,3.418,18
Justin Boone,DST,BUF DST,-0.378,2.996,18
Justin Boone,DST,CLE DST,-0.967,2.812,18
Justin Boone,DST,DAL DST,0.444,2.471,18
Justin Boone,DST,KC DST,-0.861,2.87,18
Justin Boone,DST,MIA DST,-0.311,2.487,18
Justin Boone,DST,NE DST,1.367,2.241,18
Justin Boone,DST,PHI DST,0.689,2.329,18
Justin Boone,DST,PIT DST,0.083,2.579,18
Justin Boone,DST,SF DST,-0.033,2.756,18
Justin Boone,QB,Anthony Richardson,1.111,3.498,18
Justin Boone,QB,Brock Purdy,-1.267,3.948,18
Justin Boone,QB,Dak Prescott,0.622,3.89,18
Justin Boone,QB,Jalen Hurts,0.467,2.985,18
Justin Boone,QB,Joe Burrow,-0.367,2.567,18
Justin Boone,QB,Jordan Love,-0.856,3.159,18
Justin Boone,QB,Josh Allen,0.344,2.467,18
Justin Boone,QB,Justin Herbert,0.511,3.017,18
Justin Boone,QB,Kyler Murray,0.656,3.251,18
Justin Boone,QB,Lamar Jackson,-0.267,3.558,18
Justin Boone,QB,Trevor Lawrence,-0.717,3.196,18
Justin Boone,QB,Tua Tagovailoa,-0.239,3.693,18
Justin Boone,RB,Aaron Jones,-0.622,4.013,18
Justin Boone,RB,Bijan Robinson,-1.1,4.565,18
Justin Boone,RB,Breece Hall,-1.433,4.817,18
Justin Boone,RB,Christian McCaffrey,-0.006,4.792,18
Justin Boone,RB,David Montgomery,0.45,4.041,18
Justin Boone,RB,De'Von Achane,0.272,3.939,18
Justin Boone,RB,Derrick Henry,-2.678,3.444,18
Justin Boone,RB,James Cook,0.672,4.907,18
Justin Boone,RB,Jonathan Taylor,-1.556,4.55,18
Justin Boone,RB,Josh Jacobs,0.3,4.927,18
Justin Boone,RB,Kyren Williams,2.85,3.689,18
Justin Boone,RB,Najee Harris,-1.439,3.86,18
Justin Boone,RB,Rhamondre Stevenson,0.833,4.68,18
Justin Boone,RB,Saquon Barkley,0.228,4.317,18
Justin Boone,RB,Tony Pollard,1.933,4.059,18
Justin Boone,RB,Travis Etienne,1.294,4.12,18
Justin Boone,TE,Brock Bowers,0.361,2.632,18
Justin Boone,TE,Cole Kmet,-0.494,3.162,18
Justin Boone,TE,Dallas Goedert,2.278,3.357,18
Justin Boone,TE,David Njoku,0.011,3.987,18
Justin Boone,TE,Foster Moreau,0.083,3.842,18
Justin Boone,TE,George Kittle,0.061,2.821,18
Justin Boone,TE,Isaiah Likely,0.35,3.386,18
Justin Boone,TE,Jake Ferguson,-0.178,3.054,18
Justin Boone,TE,Mark Andrews,-0.322,3.275,18
Justin Boone,TE,Pat Freiermuth,-0.272,3.232,18
Justin Boone,TE,Sam LaPorta,-0.689,3.047,18
Justin Boone,TE,Travis Kelce,-1.189,3.1,18
Justin Boone,WR,Amon-Ra St. Brown,-1.683,4.139,18
Justin Boone,WR,CeeDee Lamb,2.483,3.904,18
Justin Boone,WR,Chris Olave,1.15,4.12,18
Justin Boone,WR,DK Metcalf,0.811,3.663,18
Justin Boone,WR,Davante Adams,-0.85,4.76,18
Justin Boone,WR,DeVonta Smith,0.283,4.531,18
Justin Boone,WR,Drake London,-0.883,4.37,18
Justin Boone,WR,Garrett Wilson,1.978,4.731,18
Justin Boone,WR,Ja'Marr Chase,0.089,4.782,18
Justin Boone,WR,Justin Jefferson,0.706,4.621,18
Justin Boone,WR,Keenan Allen,-0.072,4.013,18
Justin Boone,WR,Michael Pittman,-0.506,4.137,18
Justin Boone,WR,Puka Nacua,-0.628,5.035,18
Justin Boone,WR,Stefon Diggs,-0.7,4.66,18
Justin Boone,WR,Tee Higgins,-0.133,4.836,18
Justin Boone,WR,Tyreek Hill,-2.044,4.415,18
Michael Fabiano,DST,BAL DST,0.078,2.758,18
Michael Fabiano,DST,BUF DST,0.4,2.691,18
Michael Fabiano,DST,CLE DST,0.7,2.659,18
Michael Fabiano,DST,DAL DST,0.444,3.11,18
Michael Fabiano,DST,KC DST,-0.75,2.635,18
Michael Fabiano,DST,MIA DST,-0.589,2.953,18
Michael Fabiano,DST,NE DST,-0.022,2.786,18
Michael Fabiano,DST,PHI DST,-0.478,2.314,18
Michael Fabiano,DST,PIT DST,0.417,2.73,18
Michael Fabiano,DST,SF DST,-0.2,2.892,18
Michael Fabiano,QB,Anthony Richardson,-0.333,3.442,18
Michael Fabiano,QB,Brock Purdy,-0.378,3.655,18
Michael Fabiano,QB,Dak Prescott,-0.1,3.878,18
Michael Fabiano,QB,Jalen Hurts,-1.533,2.658,18
Michael Fabiano,QB,Joe Burrow,0.3,2.856,18
Michael Fabiano,QB,Jordan Love,1.7,2.971,18
Michael Fabiano,QB,Josh Allen,1.678,3.141,18
Michael Fabiano,QB,Justin Herbert,0.622,3.526,18
Michael Fabiano,QB,Kyler Murray,-0.789,3.263,18
Michael Fabiano,QB,Lamar Jackson,-0.767,2.905,18
Michael Fabiano,QB,Trevor Lawrence,-0.106,3.12,18
Michael Fabiano,QB,Tua Tagovailoa,-0.294,3.529,18
Michael Fabiano,RB,Aaron Jones,0.267,4.785,18
Michael Fabiano,RB,Bijan Robinson,2.567,2.374,18
Michael Fabiano,RB,Breece Hall,0.122,4.236,18
Michael Fabiano,RB,Christian McCaffrey,1.05,4.535,18
Michael Fabiano,RB,David Montgomery,-0.55,5.062,18
Michael Fabiano,RB,De'Von Achane,-1.061,5.196,18
Michael Fabiano,RB,Derrick Henry,-0.122,4.476,18
Michael Fabiano,RB,James Cook,-1.494,5.108,18
Michael Fabiano,RB,Jonathan Taylor,-1.222,4.335,18
Michael Fabiano,RB,Josh Jacobs,-0.589,3.153,18
Michael Fabiano,RB,Kyren Williams,-0.317,3.322,18
Michael Fabiano,RB,Najee Harris,-1.05,3.215,18
Michael Fabiano,RB,Rhamondre Stevenson,0.5,3.951,18
Michael Fabiano,RB,Saquon Barkley,0.117,5.439,18
Michael Fabiano,RB,Tony Pollard,0.322,4.878,18
Michael Fabiano,RB,Travis Etienne,1.461,4.12,18
Michael Fabiano,TE,Brock Bowers,0.139,3.005,18
Michael Fabiano,TE,Cole Kmet,-0.05,3.033,18
Michael Fabiano,TE,Dallas Goedert,-0.611,2.898,18
Michael Fabiano,TE,David Njoku,0.233,3.965,18
Michael Fabiano,TE,Foster Moreau,-0.417,3.535,18
Michael Fabiano,TE,George Kittle,1.672,3.435,18
Michael Fabiano,TE,Isaiah Likely,-1.372,2.438,18
Michael Fabiano,TE,Jake Ferguson,-1.844,3.269,18
Michael Fabiano,TE,Mark Andrews,1.344,3.327,18
Michael Fabiano,TE,Pat Freiermuth,-0.05,3.359,18
Michael Fabiano,TE,Sam LaPorta,0.478,3.101,18
Michael Fabiano,TE,Travis Kelce,0.478,3.39,18
Michael Fabiano,WR,Amon-Ra St. Brown,-0.072,3.983,18
Michael Fabiano,WR,CeeDee Lamb,0.983,4.778,18
Michael Fabiano,WR,Chris Olave,-0.628,3.621,18
Michael Fabiano,WR,DK Metcalf,-0.8,4.133,18
Michael Fabiano,WR,Davante Adams,-1.572,4.193,18
Michael Fabiano,WR,DeVonta Smith,0.95,4.241,18
Michael Fabiano,WR,Drake London,1.561,4.754,18
Michael Fabiano,WR,Garrett Wilson,0.478,4.751,18
Michael Fabiano,WR,Ja'Marr Chase,-0.633,3.745,18
Michael Fabiano,WR,Justin Jefferson,-0.128,3.834,18
Michael Fabiano,WR,Keenan Allen,0.706,4.546,18
Michael Fabiano,WR,Michael Pittman,-0.394,5.052,18
Michael Fabiano,WR,Puka Nacua,-1.183,4.523,18
Michael Fabiano,WR,Stefon Diggs,1.467,4.084,18
Michael Fabiano,WR,Tee Higgins,-1.078,4.531,18
Michael Fabiano,WR,Tyreek Hill,0.344,5.588,18
Sal Vetri,DST,BAL DST,-0.144,2.993,18
Sal Vetri,DST,BUF DST,-0.878,2.508,18
Sal Vetri,DST,CLE DST,1.422,2.53,18
Sal Vetri,DST,DAL DST,-0.833,2.74,18
Sal Vetri,DST,KC DST,-0.583,2.906,18
Sal Vetri,DST,MIA DST,1.133,2.371,18
Sal Vetri,DST,NE DST,-0.133,2.671,18
Sal Vetri,DST,PHI DST,-0.533,2.56,18
Sal Vetri,DST,PIT DST,0.306,2.333,18
Sal Vetri,DST,SF DST,0.244,2.421,18
Sal Vetri,QB,Anthony Richardson,-1.278,3.737,18
Sal Vetri,QB,Brock Purdy,-0.156,3.151,18
Sal Vetri,QB,Dak Prescott,-0.544,3.552,18
Sal Vetri,QB,Jalen Hurts,-0.756,3.771,18
Sal Vetri,QB,Joe Burrow,0.189,2.738,18
Sal Vetri,QB,Jordan Love,-0.244,2.55,18
Sal Vetri,QB,Josh Allen,0.511,3.554,18
Sal Vetri,QB,Justin Herbert,0.789,2.941,18
Sal Vetri,QB,Kyler Murray,0.822,2.488,18
Sal Vetri,QB,Lamar Jackson,-1.1,3.365,18
Sal Vetri,QB,Trevor Lawrence,1.228,3.164,18
Sal Vetri,QB,Tua Tagovailoa,0.539,3.313,18
Sal Vetri,RB,Aaron Jones,2.489,3.11,18
Sal Vetri,RB,Bijan Robinson,0.678,4.902,18
Sal Vetri,RB,Breece Hall,0.511,4.223,18
Sal Vetri,RB,Christian McCaffrey,1.494,4.27,18
Sal Vetri,RB,David Montgomery,-0.606,3.88,18
Sal Vetri,RB,De'Von Achane,0.439,4.252,18
Sal Vetri,RB,Derrick Henry,-0.067,4.362,18
Sal Vetri,RB,James Cook,-1.161,2.806,18
Sal Vetri,RB,Jonathan Taylor,-0.111,4.314,18
Sal Vetri,RB,Josh Jacobs,0.133,4.846,18
Sal Vetri,RB,Kyren Williams,-1.039,5.024,18
Sal Vetri,RB,Najee Harris,-0.494,4.35,18
Sal Vetri,RB,Rhamondre Stevenson,-1.111,4.306,18
Sal Vetri,RB,Saquon Barkley,0.117,4.314,18
Sal Vetri,RB,Tony Pollard,0.044,5.188,18
Sal Vetri,RB,Travis Etienne,-1.317,4.482,18
Sal Vetri,TE,Brock Bowers,-0.417,3.991,18
Sal Vetri,TE,Cole Kmet,0.228,3.701,18
Sal Vetri,TE,Dallas Goedert,0.278,3.107,18
Sal Vetri,TE,David Njoku,0.067,3.0,18
Sal Vetri,TE,Foster Moreau,-0.083,3.531,18
Sal Vetri,TE,George Kittle,-1.272,2.92,18
Sal Vetri,TE,Isaiah Likely,0.628,2.852,18
Sal Vetri,TE,Jake Ferguson,-0.011,3.204,18
Sal Vetri,TE,Mark Andrews,-0.156,3.228,18
Sal Vetri,TE,Pat Freiermuth,0.006,2.999,18
Sal Vetri,TE,Sam LaPorta,0.256,3.349,18
Sal Vetri,TE,Travis Kelce,0.478,2.924,18
Sal Vetri,WR,Amon-Ra St. Brown,0.706,4.204,18
Sal Vetri,WR,CeeDee Lamb,-1.35,4.284,18
Sal Vetri,WR,Chris Olave,-1.239,4.651,18
Sal Vetri,WR,DK Metcalf,0.867,4.981,18
Sal Vetri,WR,Davante Adams,0.483,4.755,18
Sal Vetri,WR,DeVonta Smith,-0.939,5.341,18
Sal Vetri,WR,Drake London,-1.106,4.313,18
Sal Vetri,WR,Garrett Wilson,-1.133,4.78,18
Sal Vetri,WR,Ja'Marr Chase,0.256,2.962,18
Sal Vetri,WR,Justin Jefferson,0.094,4.744,18
Sal Vetri,WR,Keenan Allen,0.372,3.996,18
Sal Vetri,WR,Michael Pittman,0.883,4.843,18
Sal Vetri,WR,Puka Nacua,0.372,5.019,18
Sal Vetri,WR,Stefon Diggs,0.967,3.966,18
Sal Vetri,WR,Tee Higgins,0.033,4.152,18
Sal Vetri,WR,Tyreek Hill,0.733,4.122,18
Scott Pianowski,DST,BAL DST,-0.978,2.725,18
Scott Pianowski,DST,BUF DST,0.733,2.775,18
Scott Pianowski,DST,CLE DST,0.033,2.752,18
Scott Pianowski,DST,DAL DST,0.611,2.156,18
Scott Pianowski,DST,KC DST,-0.528,2.764,18
Scott Pianowski,DST,MIA DST,0.022,2.184,18
Scott Pianowski,DST,NE DST,-0.689,2.893,18
Scott Pianowski,DST,PHI DST,0.967,2.458,18
Scott Pianowski,DST,PIT DST,-0.083,2.903,18
Scott Pianowski,DST,SF DST,-0.089,2.756,18
Scott Pianowski,QB,Anthony Richardson,-0.111,4.048,18
Scott Pianowski,QB,Brock Purdy,-1.322,3.798,18
Scott Pianowski,QB,Dak Prescott,1.067,3.175,18
Scott Pianowski,QB,Jalen Hurts,0.8,3.052,18
Scott Pianowski,QB,Joe Burrow,1.522,2.79,18
Scott Pianowski,QB,Jordan Love,-0.8,3.295,18
Scott Pianowski,QB,Josh Allen,0.4,3.032,18
Scott Pianowski,QB,Justin Herbert,-1.1,3.396,18
Scott Pianowski,QB,Kyler Murray,1.322,2.958,18
Scott Pianowski,QB,Lamar Jackson,-1.267,2.61,18
Scott Pianowski,QB,Trevor Lawrence,-0.994,3.178,18
Scott Pianowski,QB,Tua Tagovailoa,0.483,3.425,18
Scott Pianowski,RB,Aaron Jones,-0.011,4.239,18
Scott Pianowski,RB,Bijan Robinson,0.178,3.459,18
Scott Pianowski,RB,Breece Hall,0.733,4.445,18
Scott Pianowski,RB,Christian McCaffrey,0.494,3.682,18
Scott Pianowski,RB,David Montgomery,-1.717,3.638,18
Scott Pianowski,RB,De'Von Achane,0.328,4.396,18
Scott Pianowski,RB,Derrick Henry,0.1,4.908,18
Scott Pianowski,RB,James Cook,1.006,4.353,18
Scott Pianowski,RB,Jonathan Taylor,-0.111,3.3,18
Scott Pianowski,RB,Josh Jacobs,-0.089,5.28,18
Scott Pianowski,RB,Kyren Williams,-0.594,4.257,18
Scott Pianowski,RB,Najee Harris,1.283,3.605,18
Scott Pianowski,RB,Rhamondre Stevenson,0.0,4.737,18
Scott Pianowski,RB,Saquon Barkley,0.283,4.97,18
Scott Pianowski,RB,Tony Pollard,-1.4,4.005,18
Scott Pianowski,RB,Travis Etienne,-0.483,5.042,18
Scott Pianowski,TE,Brock Bowers,0.083,2.958,18
Scott Pianowski,TE,Cole Kmet,-0.217,4.004,18
Scott Pianowski,TE,Dallas Goedert,0.222,3.207,18
Scott Pianowski,TE,David Njoku,1.4,3.501,18
Scott Pianowski,TE,Foster Moreau,0.028,3.438,18
Scott Pianowski,TE,George Kittle,-0.661,2.423,18
Scott Pianowski,TE,Isaiah Likely,0.739,2.611,18
Scott Pianowski,TE,Jake Ferguson,-1.178,3.991,18
Scott Pianowski,TE,Mark Andrews,-0.433,2.928,18
Scott Pianowski,TE,Pat Freiermuth,-0.05,3.53,18
Scott Pianowski,TE,Sam LaPorta,-1.578,2.988,18
Scott Pianowski,TE,Travis Kelce,1.644,3.175,18
Scott Pianowski,WR,Amon-Ra St. Brown,-1.517,3.3,18
Scott Pianowski,WR,CeeDee Lamb,0.094,4.811,18
Scott Pianowski,WR,Chris Olave,-0.017,4.281,18
Scott Pianowski,WR,DK Metcalf,-0.578,3.968,18
Scott Pianowski,WR,Davante Adams,1.317,2.855,18
Scott Pianowski,WR,DeVonta Smith,0.283,4.924,18
Scott Pianowski,WR,Drake London,1.672,4.533,18
Scott Pianowski,WR,Garrett Wilson,-1.356,3.501,18
Scott Pianowski,WR,Ja'Marr Chase,-0.911,4.038,18
Scott Pianowski,WR,Justin Jefferson,-0.406,4.767,18
Scott Pianowski,WR,Keenan Allen,-1.517,4.795,18
Scott Pianowski,WR,Michael Pittman,0.217,4.006,18
Scott Pianowski,WR,Puka Nacua,0.261,4.872,18
Scott Pianowski,WR,Stefon Diggs,-0.311,3.921,18
Scott Pianowski,WR,Tee Higgins,0.756,4.278,18
Scott Pianowski,WR,Tyreek Hill,2.011,4.8,18
